Parameter,Value,Lower,Upper,Change Status for Shiny,Source,Notes,Distribution,Var,Updated,
Populations,,,,,,,,,,
High risk,"9,500",,,UnderInput,,,,N_on,Y,
Medium Risk,"10,000", ,,UnderInput,,ranges from (low) a room or apartment that results in housing to serve one person regardless of the number of rooms in the unit to (high) the number of beds Emory fills in a normal semester,Uniform,N_off,Y,
Low Risk,"30,000",,,UnderInput,,,,N_saf,Y,
Natural history and clinical,,,,,,,,,,
Latent period (days),3,2,4,AdvancedSetting,https://pubmed.ncbi.nlm.nih.gov/32150748/?from_term=lessler+covid&from_pos=1,,Gamma,latent,,
Infectious period (days),7,6,8,AdvancedSetting,https://pubmed.ncbi.nlm.nih.gov/32291278/?from_term=kissler&from_pos=1,First day is asymptomatic,Gamma,infectious,,
Proportion severe - students,0.0224,0.0133,0.0456,AdvancedSetting,https://www.thelancet.com/journals/laninf/article/PIIS1473-3099(20)30243-7/fulltext,Age standrdized to Emory,Gamma,p_hosp_stu,,
Proportion severe - staff/faculty,0.055,0.0327,0.1122,AdvancedSetting,https://www.thelancet.com/journals/laninf/article/PIIS1473-3099(20)30243-7/fulltext,,Beta,p_hosp_saf,,
Proportion fatal - students,0.0002,0.00007,0.0003,AdvancedSetting,https://www.thelancet.com/journals/laninf/article/PIIS1473-3099(20)30243-7/fulltext,,Beta,p_death_stu,Y,
Proportion fatal - staff/faculty,0.0052,0.0029,0.0105,AdvancedSetting,https://www.thelancet.com/journals/laninf/article/PIIS1473-3099(20)30243-7/fulltext,,Beta,p_death_saf,N (very close too CDC param estimatee for 50-69 age group),https://www.cdc.gov/coronavirus/2019-ncov/hcp/planning-scenarios.html
Proportion symptomatic - students,0.35,0.27,0.43,AdvancedSetting,https://cmmid.github.io/topics/covid19/reports/20200426-Main-Age_dependence_v2_BUNDLED.pdf,,Beta,p_sympt_stu,,
Proportion symptomatic - staff/faculty,0.51,0.41,0.59,AdvancedSetting,https://cmmid.github.io/topics/covid19/reports/20200426-Main-Age_dependence_v2_BUNDLED.pdf,,Beta,p_sympt_saf,,
Testing and quarantine,,,,,,,,,,
Time from onset of infectiousness to testing (1/days),3,1,7,InterventionScenario,,"First day is asymptomatic, so when this value is 2, testing is on first day of disease",Uniform,testing,,
Screening frequency for off or medium (1/days),14,7,21,InterventionScenario,,"Monthly, range is once per semester to daily",Uniform,screening,,
Screening frequency for on or high risk (1/days),7,4,10,,,,,screening_on,,
Screening frequency saf or low (1/days),30,20,40,,,,,screening_saf,,
Duration of quarantine (days),14,,,InterventionScenario,,,,isolation,,
Number of contacts per case,14,1,7,InterventionScenario,Mossong et al; Prem et al,NEED Source,Uniform,contacts,Y,Based on median and 10-90th centils of Emory data
Proportion of contacts reached,0.75,0.5,1,,,,Uniform,p_contacts_reached,,
Proportion experiencing ILI symptoms per day,0.00333,0.003,0.003667,InterventionScenario,Nichol et al; Guh et al,,,ili,N,Can we update to include flu seasonality
PCR Sensitivity ,,,,,,,,,,
Sensitivity high risk,0.8,0.7,0.9,AdvancedSetting,https://www.acpjournals.org/doi/10.7326/M20-1495,,Normal,sensitivity_on,,
Sensitivity med risk,0.8,0.7,0.9,AdvancedSetting,https://www.acpjournals.org/doi/10.7326/M20-1496,,Normal,sensitivity,,
Sensitivity low risk,0.8,0.7,0.9,AdvancedSetting,https://www.acpjournals.org/doi/10.7326/M20-1497,,Normal,sensitivity_saf,,
Transmission,,,,,,,,,,
All students <-> all students (medium),2,1.5,2.5,SecondarySetting,,,Uniform,R0_student_to_student,,
On campus students <-> On campus students (extra R0),1,0.5,1.5,SecondarySetting,,,Uniform,R0_on_to_on,,
All students <-> staff/faculty,0.3,0.15,0.5,SecondarySetting,,,Uniform,R0_saf,,
Staff/faculty <-> staff/faculty,0.3,0.15,0.5,SecondarySetting,,,Uniform,,,
Daily rate of community introduction�,0.00005,0.00007,0.00045,SecondarySetting,https://covid.cdc.gov/covid-data-tracker/#national-lab,,Normal,daily_new_case,Y,"lower bound based on Emory testing, best based on Fulton beginning of Oct; upper is 10x Fulton (too high?)"
Risk reduction of NPIs,0,0.18,0.43,SecondarySetting,https://www.thelancet.com/action/showPdf?pii=S0140-6736%2820%2931142-9,assume 50% compliance,Beta,eff_npi,,
Under-reporting factor,10,,,,,,,under_report,,
Time,,,,,,,,,,
Semester Duration (days),120,,,,,,,SemesterDays,,